filename,label
0.jpg,plastic
1.jpg,paper
2.jpg,paper
3.jpg,cardboard
4.jpg,trash
5.jpg,glass
6.jpg,trash
7.jpg,metal
8.jpg,paper
9.jpg,plastic
10.jpg,glass
11.jpg,glass
12.jpg,paper
13.jpg,trash
14.jpg,cardboard
15.jpg,paper
16.jpg,glass
17.jpg,metal
18.jpg,metal
19.jpg,glass
20.jpg,glass
21.jpg,metal
22.jpg,paper
23.jpg,paper
24.jpg,paper
25.jpg,paper
26.jpg,paper
27.jpg,plastic
28.jpg,plastic
29.jpg,glass
30.jpg,paper
31.jpg,cardboard
32.jpg,metal
33.jpg,plastic
34.jpg,paper
35.jpg,metal
36.jpg,plastic
37.jpg,paper
38.jpg,cardboard
39.jpg,plastic
40.jpg,metal
41.jpg,plastic
42.jpg,glass
43.jpg,metal
44.jpg,paper
45.jpg,plastic
46.jpg,metal
47.jpg,paper
48.jpg,plastic
49.jpg,paper
50.jpg,plastic
51.jpg,plastic
52.jpg,metal
53.jpg,glass
54.jpg,cardboard
55.jpg,cardboard
56.jpg,metal
57.jpg,paper
58.jpg,paper
59.jpg,plastic
60.jpg,cardboard
61.jpg,glass
62.jpg,cardboard
63.jpg,glass
64.jpg,metal
65.jpg,paper
66.jpg,plastic
67.jpg,paper
68.jpg,plastic
69.jpg,trash
70.jpg,trash
71.jpg,trash
72.jpg,metal
73.jpg,plastic
74.jpg,plastic
75.jpg,paper
76.jpg,cardboard
77.jpg,glass
78.jpg,paper
79.jpg,trash
80.jpg,trash
81.jpg,glass
82.jpg,glass
83.jpg,paper
84.jpg,metal
85.jpg,paper
86.jpg,glass
87.jpg,metal
88.jpg,plastic
89.jpg,plastic
90.jpg,paper
91.jpg,trash
92.jpg,paper
93.jpg,glass
94.jpg,glass
95.jpg,plastic
96.jpg,cardboard
97.jpg,trash
98.jpg,cardboard
99.jpg,glass
100.jpg,metal
101.jpg,paper
102.jpg,plastic
103.jpg,metal
104.jpg,plastic
105.jpg,glass
106.jpg,paper
107.jpg,metal
108.jpg,glass
109.jpg,paper
110.jpg,cardboard
111.jpg,cardboard
112.jpg,metal
113.jpg,plastic
114.jpg,plastic
115.jpg,paper
116.jpg,cardboard
117.jpg,paper
118.jpg,plastic
119.jpg,metal
120.jpg,paper
121.jpg,glass
122.jpg,paper
123.jpg,plastic
124.jpg,paper
125.jpg,glass
126.jpg,cardboard
127.jpg,plastic
128.jpg,metal
129.jpg,plastic
130.jpg,glass
131.jpg,paper
132.jpg,metal
133.jpg,glass
134.jpg,paper
135.jpg,metal
136.jpg,trash
137.jpg,glass
138.jpg,glass
139.jpg,paper
140.jpg,metal
141.jpg,metal
142.jpg,metal
143.jpg,plastic
144.jpg,glass
145.jpg,glass
146.jpg,cardboard
147.jpg,cardboard
148.jpg,paper
149.jpg,cardboard
150.jpg,glass
151.jpg,metal
152.jpg,cardboard
153.jpg,cardboard
154.jpg,glass
155.jpg,metal
156.jpg,glass
157.jpg,metal
158.jpg,cardboard
159.jpg,trash
160.jpg,glass
161.jpg,plastic
162.jpg,metal
163.jpg,plastic
164.jpg,paper
165.jpg,glass
166.jpg,paper
167.jpg,trash
168.jpg,trash
169.jpg,paper
170.jpg,plastic
171.jpg,cardboard
172.jpg,glass
173.jpg,metal
174.jpg,paper
175.jpg,metal
176.jpg,cardboard
177.jpg,plastic
178.jpg,glass
179.jpg,cardboard
180.jpg,plastic
181.jpg,cardboard
182.jpg,plastic
183.jpg,paper
184.jpg,glass
185.jpg,glass
186.jpg,paper
187.jpg,trash
188.jpg,cardboard
189.jpg,paper
190.jpg,plastic
191.jpg,glass
192.jpg,plastic
193.jpg,metal
194.jpg,plastic
195.jpg,glass
196.jpg,paper
197.jpg,plastic
198.jpg,metal
199.jpg,metal
200.jpg,glass
201.jpg,plastic
202.jpg,paper
203.jpg,plastic
204.jpg,glass
205.jpg,paper
206.jpg,metal
207.jpg,plastic
208.jpg,glass
209.jpg,cardboard
210.jpg,cardboard
211.jpg,paper
212.jpg,paper
213.jpg,metal
214.jpg,glass
215.jpg,metal
216.jpg,plastic
217.jpg,paper
218.jpg,paper
219.jpg,metal
220.jpg,plastic
221.jpg,glass
222.jpg,metal
223.jpg,paper
224.jpg,trash
225.jpg,glass
226.jpg,paper
227.jpg,plastic
228.jpg,metal
229.jpg,metal
230.jpg,paper
231.jpg,metal
232.jpg,cardboard
233.jpg,cardboard
234.jpg,paper
235.jpg,cardboard
236.jpg,glass
237.jpg,paper
238.jpg,trash
239.jpg,plastic
240.jpg,cardboard
241.jpg,glass
242.jpg,metal
243.jpg,paper
244.jpg,glass
245.jpg,plastic
246.jpg,metal
247.jpg,plastic
248.jpg,cardboard
249.jpg,glass
250.jpg,plastic
251.jpg,plastic
252.jpg,glass
253.jpg,plastic
254.jpg,plastic
255.jpg,glass
256.jpg,metal
257.jpg,paper
258.jpg,plastic
259.jpg,metal
260.jpg,cardboard
261.jpg,plastic
262.jpg,cardboard
263.jpg,metal
264.jpg,glass
265.jpg,trash
266.jpg,cardboard
267.jpg,paper
268.jpg,paper
269.jpg,paper
270.jpg,cardboard
271.jpg,cardboard
272.jpg,metal
273.jpg,cardboard
274.jpg,plastic
275.jpg,plastic
276.jpg,paper
277.jpg,metal
278.jpg,glass
279.jpg,metal
280.jpg,plastic
281.jpg,cardboard
282.jpg,metal
283.jpg,plastic
284.jpg,paper
285.jpg,plastic
286.jpg,paper
287.jpg,cardboard
288.jpg,plastic
289.jpg,cardboard
290.jpg,paper
291.jpg,paper
292.jpg,paper
293.jpg,plastic
294.jpg,cardboard
295.jpg,glass
296.jpg,paper
297.jpg,metal
298.jpg,metal
299.jpg,paper
300.jpg,paper
301.jpg,cardboard
302.jpg,paper
303.jpg,cardboard
304.jpg,metal
305.jpg,paper
306.jpg,glass
307.jpg,metal
308.jpg,cardboard
309.jpg,paper
310.jpg,cardboard
311.jpg,cardboard
312.jpg,paper
313.jpg,trash
314.jpg,cardboard
315.jpg,cardboard
316.jpg,paper
317.jpg,paper
318.jpg,cardboard
319.jpg,plastic
320.jpg,cardboard
321.jpg,cardboard
322.jpg,paper
323.jpg,metal
324.jpg,glass
325.jpg,metal
326.jpg,metal
327.jpg,cardboard
328.jpg,metal
329.jpg,cardboard
330.jpg,plastic
331.jpg,cardboard
332.jpg,glass
333.jpg,cardboard
334.jpg,paper
335.jpg,plastic
336.jpg,trash
337.jpg,paper
338.jpg,metal
339.jpg,paper
340.jpg,metal
341.jpg,glass
342.jpg,metal
343.jpg,glass
344.jpg,cardboard
345.jpg,glass
346.jpg,cardboard
347.jpg,glass
348.jpg,metal
349.jpg,plastic
350.jpg,paper
351.jpg,metal
352.jpg,metal
353.jpg,glass
354.jpg,glass
355.jpg,paper
356.jpg,glass
357.jpg,metal
358.jpg,plastic
359.jpg,cardboard
360.jpg,cardboard
361.jpg,paper
362.jpg,paper
363.jpg,plastic
364.jpg,paper
365.jpg,paper
366.jpg,glass
367.jpg,metal
368.jpg,plastic
369.jpg,glass
370.jpg,plastic
371.jpg,metal
372.jpg,trash
373.jpg,glass
374.jpg,plastic
375.jpg,plastic
376.jpg,paper
377.jpg,glass
378.jpg,plastic
379.jpg,paper
380.jpg,paper
381.jpg,glass
382.jpg,glass
383.jpg,metal
384.jpg,plastic
385.jpg,cardboard
386.jpg,paper
387.jpg,glass
388.jpg,glass
389.jpg,paper
390.jpg,metal
391.jpg,paper
392.jpg,plastic
393.jpg,glass
394.jpg,metal
395.jpg,metal
396.jpg,glass
397.jpg,paper
398.jpg,plastic
399.jpg,plastic
400.jpg,glass
401.jpg,plastic
402.jpg,plastic
403.jpg,cardboard
404.jpg,cardboard
405.jpg,plastic
406.jpg,cardboard
407.jpg,plastic
408.jpg,cardboard
409.jpg,plastic
410.jpg,plastic
411.jpg,plastic
412.jpg,glass
413.jpg,glass
414.jpg,metal
415.jpg,glass
416.jpg,trash
417.jpg,paper
418.jpg,metal
419.jpg,paper
420.jpg,glass
421.jpg,plastic
422.jpg,paper
423.jpg,plastic
424.jpg,paper
425.jpg,trash
426.jpg,cardboard
427.jpg,glass
428.jpg,glass
429.jpg,cardboard
430.jpg,cardboard
431.jpg,plastic
432.jpg,cardboard
433.jpg,paper
434.jpg,plastic
435.jpg,metal
436.jpg,paper
437.jpg,paper
438.jpg,paper
439.jpg,cardboard
440.jpg,glass
441.jpg,glass
442.jpg,paper
443.jpg,plastic
444.jpg,paper
445.jpg,cardboard
446.jpg,paper
447.jpg,paper
448.jpg,plastic
449.jpg,plastic
450.jpg,glass
451.jpg,glass
452.jpg,paper
453.jpg,trash
454.jpg,metal
455.jpg,glass
456.jpg,paper
457.jpg,cardboard
458.jpg,cardboard
459.jpg,glass
460.jpg,plastic
461.jpg,glass
462.jpg,plastic
463.jpg,cardboard
464.jpg,plastic
465.jpg,glass
466.jpg,plastic
467.jpg,paper
468.jpg,glass
469.jpg,glass
470.jpg,metal
471.jpg,trash
472.jpg,glass
473.jpg,paper
474.jpg,plastic
475.jpg,paper
476.jpg,plastic
477.jpg,cardboard
478.jpg,plastic
479.jpg,glass
480.jpg,glass
481.jpg,metal
482.jpg,glass
483.jpg,glass
484.jpg,glass
485.jpg,metal
486.jpg,metal
487.jpg,plastic
488.jpg,metal
489.jpg,metal
490.jpg,glass
491.jpg,trash
492.jpg,metal
493.jpg,glass
494.jpg,paper
495.jpg,plastic
496.jpg,metal
497.jpg,plastic
498.jpg,paper
499.jpg,paper
500.jpg,glass
501.jpg,cardboard
502.jpg,metal
503.jpg,metal
504.jpg,metal
505.jpg,glass
506.jpg,cardboard
507.jpg,paper
508.jpg,metal
509.jpg,plastic
510.jpg,paper
511.jpg,metal
512.jpg,trash
513.jpg,glass
514.jpg,plastic
515.jpg,plastic
516.jpg,metal
517.jpg,paper
518.jpg,trash
519.jpg,glass
520.jpg,cardboard
521.jpg,plastic
522.jpg,metal
523.jpg,metal
524.jpg,paper
525.jpg,cardboard
526.jpg,trash
527.jpg,glass
528.jpg,metal
529.jpg,cardboard
530.jpg,cardboard
531.jpg,plastic
532.jpg,paper
533.jpg,cardboard
534.jpg,paper
535.jpg,glass
536.jpg,paper
537.jpg,paper
538.jpg,paper
539.jpg,trash
540.jpg,cardboard
541.jpg,trash
542.jpg,glass
543.jpg,metal
544.jpg,plastic
545.jpg,cardboard
546.jpg,metal
547.jpg,trash
548.jpg,cardboard
549.jpg,glass
550.jpg,cardboard
551.jpg,glass
552.jpg,paper
553.jpg,trash
554.jpg,metal
555.jpg,metal
556.jpg,paper
557.jpg,cardboard
558.jpg,plastic
559.jpg,metal
560.jpg,trash
561.jpg,plastic
562.jpg,glass
563.jpg,plastic
564.jpg,metal
565.jpg,trash
566.jpg,paper
567.jpg,metal
568.jpg,paper
569.jpg,glass
570.jpg,glass
571.jpg,cardboard
572.jpg,cardboard
573.jpg,plastic
574.jpg,plastic
575.jpg,plastic
576.jpg,paper
577.jpg,glass
578.jpg,plastic
579.jpg,cardboard
580.jpg,metal
581.jpg,cardboard
582.jpg,plastic
583.jpg,paper
584.jpg,glass
585.jpg,cardboard
586.jpg,glass
587.jpg,cardboard
588.jpg,glass
589.jpg,metal
590.jpg,paper
591.jpg,paper
592.jpg,metal
593.jpg,trash
594.jpg,paper
595.jpg,metal
596.jpg,glass
597.jpg,cardboard
598.jpg,paper
599.jpg,glass
600.jpg,paper
601.jpg,paper
602.jpg,glass
603.jpg,paper
604.jpg,glass
605.jpg,paper
606.jpg,trash
607.jpg,cardboard
608.jpg,cardboard
609.jpg,cardboard
610.jpg,cardboard
611.jpg,paper
612.jpg,glass
613.jpg,cardboard
614.jpg,trash
615.jpg,trash
616.jpg,metal
617.jpg,glass
618.jpg,metal
619.jpg,glass
620.jpg,metal
621.jpg,glass
622.jpg,metal
623.jpg,glass
624.jpg,metal
625.jpg,trash
626.jpg,glass
627.jpg,glass
628.jpg,cardboard
629.jpg,cardboard
630.jpg,paper
631.jpg,glass
632.jpg,plastic
633.jpg,metal
634.jpg,plastic
635.jpg,paper
636.jpg,glass
637.jpg,glass
638.jpg,paper
639.jpg,glass
640.jpg,trash
641.jpg,glass
642.jpg,glass
643.jpg,paper
644.jpg,glass
645.jpg,paper
646.jpg,metal
647.jpg,plastic
648.jpg,paper
649.jpg,paper
650.jpg,plastic
651.jpg,cardboard
652.jpg,cardboard
653.jpg,plastic
654.jpg,glass
655.jpg,glass
656.jpg,metal
657.jpg,plastic
658.jpg,metal
659.jpg,cardboard
660.jpg,plastic
661.jpg,glass
662.jpg,cardboard
663.jpg,plastic
664.jpg,paper
665.jpg,metal
666.jpg,glass
667.jpg,paper
668.jpg,paper
669.jpg,plastic
670.jpg,glass
671.jpg,glass
672.jpg,cardboard
673.jpg,glass
674.jpg,trash
675.jpg,plastic
676.jpg,glass
677.jpg,plastic
678.jpg,cardboard
679.jpg,cardboard
680.jpg,paper
681.jpg,plastic
682.jpg,glass
683.jpg,trash
684.jpg,plastic
685.jpg,plastic
686.jpg,plastic
687.jpg,plastic
688.jpg,plastic
689.jpg,plastic
690.jpg,plastic
691.jpg,plastic
692.jpg,cardboard
693.jpg,metal
694.jpg,cardboard
695.jpg,paper
696.jpg,plastic
697.jpg,paper
698.jpg,glass
699.jpg,glass
700.jpg,plastic
701.jpg,paper
702.jpg,cardboard
703.jpg,glass
704.jpg,paper
705.jpg,paper
706.jpg,glass
707.jpg,glass
708.jpg,paper
709.jpg,cardboard
710.jpg,glass
711.jpg,paper
712.jpg,glass
713.jpg,cardboard
714.jpg,plastic
715.jpg,plastic
716.jpg,glass
717.jpg,plastic
718.jpg,metal
719.jpg,cardboard
720.jpg,plastic
721.jpg,cardboard
722.jpg,paper
723.jpg,cardboard
724.jpg,paper
725.jpg,glass
726.jpg,paper
727.jpg,paper
728.jpg,plastic
729.jpg,paper
730.jpg,metal
731.jpg,plastic
732.jpg,metal
733.jpg,cardboard
734.jpg,plastic
735.jpg,paper
736.jpg,glass
737.jpg,cardboard
738.jpg,cardboard
739.jpg,glass
740.jpg,plastic
741.jpg,trash
742.jpg,paper
743.jpg,plastic
744.jpg,cardboard
745.jpg,cardboard
746.jpg,plastic
747.jpg,cardboard
748.jpg,plastic
749.jpg,glass
750.jpg,glass
751.jpg,plastic
752.jpg,metal
753.jpg,glass
754.jpg,cardboard
755.jpg,glass
756.jpg,paper
757.jpg,plastic
758.jpg,metal
759.jpg,plastic
760.jpg,paper
761.jpg,cardboard
762.jpg,plastic
763.jpg,paper
764.jpg,plastic
765.jpg,plastic
766.jpg,cardboard
767.jpg,paper
768.jpg,paper
769.jpg,paper
770.jpg,cardboard
771.jpg,metal
772.jpg,cardboard
773.jpg,glass
774.jpg,paper
775.jpg,glass
776.jpg,cardboard
777.jpg,glass
778.jpg,metal
779.jpg,metal
780.jpg,glass
781.jpg,plastic
782.jpg,glass
783.jpg,plastic
784.jpg,cardboard
785.jpg,glass
786.jpg,glass
787.jpg,paper
788.jpg,trash
789.jpg,glass
790.jpg,metal
791.jpg,cardboard
792.jpg,metal
793.jpg,paper
794.jpg,paper
795.jpg,trash
796.jpg,glass
797.jpg,trash
798.jpg,glass
799.jpg,plastic
800.jpg,plastic
801.jpg,glass
802.jpg,metal
803.jpg,plastic
804.jpg,cardboard
805.jpg,plastic
806.jpg,metal
807.jpg,paper
808.jpg,paper
809.jpg,cardboard
810.jpg,glass
811.jpg,metal
812.jpg,paper
813.jpg,metal
814.jpg,plastic
815.jpg,glass
816.jpg,paper
817.jpg,metal
818.jpg,metal
819.jpg,cardboard
820.jpg,paper
821.jpg,cardboard
822.jpg,trash
823.jpg,paper
824.jpg,metal
825.jpg,metal
826.jpg,plastic
827.jpg,plastic
828.jpg,glass
829.jpg,glass
830.jpg,glass
831.jpg,metal
832.jpg,trash
833.jpg,metal
834.jpg,metal
835.jpg,paper
836.jpg,trash
837.jpg,paper
838.jpg,metal
839.jpg,metal
840.jpg,trash
841.jpg,cardboard
842.jpg,cardboard
843.jpg,cardboard
844.jpg,metal
845.jpg,paper
846.jpg,metal
847.jpg,glass
848.jpg,cardboard
849.jpg,cardboard
850.jpg,paper
851.jpg,paper
852.jpg,glass
853.jpg,plastic
854.jpg,cardboard
855.jpg,trash
856.jpg,trash
857.jpg,plastic
858.jpg,plastic
859.jpg,cardboard
860.jpg,paper
861.jpg,glass
862.jpg,plastic
863.jpg,cardboard
864.jpg,glass
865.jpg,metal
866.jpg,glass
867.jpg,paper
868.jpg,cardboard
869.jpg,plastic
870.jpg,metal
871.jpg,cardboard
872.jpg,glass
873.jpg,metal
874.jpg,glass
875.jpg,metal
876.jpg,paper
877.jpg,plastic
878.jpg,glass
879.jpg,glass
880.jpg,paper
881.jpg,metal
882.jpg,cardboard
883.jpg,cardboard
884.jpg,cardboard
885.jpg,paper
886.jpg,glass
887.jpg,metal
888.jpg,metal
889.jpg,paper
890.jpg,metal
891.jpg,paper
892.jpg,cardboard
893.jpg,metal
894.jpg,paper
895.jpg,glass
896.jpg,plastic
897.jpg,trash
898.jpg,glass
899.jpg,paper
900.jpg,plastic
901.jpg,cardboard
902.jpg,metal
903.jpg,paper
904.jpg,paper
905.jpg,glass
906.jpg,trash
907.jpg,paper
908.jpg,glass
909.jpg,paper
910.jpg,paper
911.jpg,glass
912.jpg,plastic
913.jpg,cardboard
914.jpg,metal
915.jpg,glass
916.jpg,plastic
917.jpg,paper
918.jpg,metal
919.jpg,cardboard
920.jpg,paper
921.jpg,plastic
922.jpg,paper
923.jpg,paper
924.jpg,metal
925.jpg,glass
926.jpg,metal
927.jpg,paper
928.jpg,plastic
929.jpg,metal
930.jpg,cardboard
931.jpg,glass
932.jpg,plastic
933.jpg,paper
934.jpg,plastic
935.jpg,cardboard
936.jpg,plastic
937.jpg,trash
938.jpg,glass
939.jpg,plastic
940.jpg,glass
941.jpg,paper
942.jpg,cardboard
943.jpg,trash
944.jpg,metal
945.jpg,metal
946.jpg,glass
947.jpg,cardboard
948.jpg,trash
949.jpg,glass
950.jpg,paper
951.jpg,glass
952.jpg,trash
953.jpg,glass
954.jpg,cardboard
955.jpg,paper
956.jpg,cardboard
957.jpg,paper
958.jpg,plastic
959.jpg,plastic
960.jpg,cardboard
961.jpg,paper
962.jpg,plastic
963.jpg,cardboard
964.jpg,glass
965.jpg,cardboard
966.jpg,glass
967.jpg,metal
968.jpg,metal
969.jpg,paper
970.jpg,paper
971.jpg,glass
972.jpg,cardboard
973.jpg,trash
974.jpg,plastic
975.jpg,glass
976.jpg,plastic
977.jpg,plastic
978.jpg,glass
979.jpg,glass
980.jpg,cardboard
981.jpg,paper
982.jpg,paper
983.jpg,metal
984.jpg,glass
985.jpg,cardboard
986.jpg,cardboard
987.jpg,cardboard
988.jpg,metal
989.jpg,cardboard
990.jpg,paper
991.jpg,paper
992.jpg,paper
993.jpg,cardboard
994.jpg,metal
995.jpg,plastic
996.jpg,cardboard
997.jpg,plastic
998.jpg,glass
999.jpg,metal
1000.jpg,paper
1001.jpg,paper
1002.jpg,paper
1003.jpg,plastic
1004.jpg,metal
1005.jpg,paper
1006.jpg,paper
1007.jpg,paper
1008.jpg,plastic
1009.jpg,metal
1010.jpg,plastic
1011.jpg,plastic
1012.jpg,paper
1013.jpg,plastic
1014.jpg,plastic
1015.jpg,glass
1016.jpg,trash
1017.jpg,paper
1018.jpg,paper
1019.jpg,cardboard
1020.jpg,metal
1021.jpg,cardboard
1022.jpg,cardboard
1023.jpg,plastic
1024.jpg,metal
1025.jpg,metal
1026.jpg,cardboard
1027.jpg,cardboard
1028.jpg,cardboard
1029.jpg,glass
1030.jpg,metal
1031.jpg,glass
1032.jpg,glass
1033.jpg,plastic
1034.jpg,cardboard
1035.jpg,cardboard
1036.jpg,metal
1037.jpg,paper
1038.jpg,cardboard
1039.jpg,plastic
1040.jpg,paper
1041.jpg,plastic
1042.jpg,plastic
1043.jpg,plastic
1044.jpg,plastic
1045.jpg,trash
1046.jpg,cardboard
1047.jpg,metal
1048.jpg,glass
1049.jpg,metal
1050.jpg,cardboard
1051.jpg,cardboard
1052.jpg,paper
1053.jpg,glass
1054.jpg,glass
1055.jpg,cardboard
1056.jpg,paper
1057.jpg,plastic
1058.jpg,paper
1059.jpg,glass
1060.jpg,plastic
1061.jpg,metal
1062.jpg,metal
1063.jpg,cardboard
1064.jpg,glass
1065.jpg,plastic
1066.jpg,cardboard
1067.jpg,glass
1068.jpg,plastic
1069.jpg,metal
1070.jpg,plastic
1071.jpg,glass
1072.jpg,paper
1073.jpg,metal
1074.jpg,metal
1075.jpg,plastic
1076.jpg,paper
1077.jpg,glass
1078.jpg,glass
1079.jpg,plastic
1080.jpg,glass
1081.jpg,paper
1082.jpg,trash
1083.jpg,cardboard
1084.jpg,cardboard
1085.jpg,paper
1086.jpg,paper
1087.jpg,plastic
1088.jpg,trash
1089.jpg,paper
1090.jpg,plastic
1091.jpg,cardboard
1092.jpg,glass
1093.jpg,paper
1094.jpg,plastic
1095.jpg,glass
1096.jpg,metal
1097.jpg,paper
1098.jpg,paper
1099.jpg,trash
1100.jpg,glass
1101.jpg,cardboard
1102.jpg,metal
1103.jpg,paper
1104.jpg,glass
1105.jpg,plastic
1106.jpg,glass
1107.jpg,cardboard
1108.jpg,paper
1109.jpg,plastic
1110.jpg,glass
1111.jpg,paper
1112.jpg,metal
1113.jpg,paper
1114.jpg,cardboard
1115.jpg,plastic
1116.jpg,cardboard
1117.jpg,cardboard
1118.jpg,paper
1119.jpg,cardboard
1120.jpg,plastic
1121.jpg,glass
1122.jpg,plastic
1123.jpg,glass
1124.jpg,plastic
1125.jpg,cardboard
1126.jpg,metal
1127.jpg,glass
1128.jpg,cardboard
1129.jpg,plastic
1130.jpg,cardboard
1131.jpg,glass
1132.jpg,glass
1133.jpg,paper
1134.jpg,glass
1135.jpg,paper
1136.jpg,paper
1137.jpg,plastic
1138.jpg,cardboard
1139.jpg,metal
1140.jpg,glass
1141.jpg,glass
1142.jpg,cardboard
1143.jpg,paper
1144.jpg,glass
1145.jpg,trash
1146.jpg,plastic
1147.jpg,plastic
1148.jpg,plastic
1149.jpg,metal
1150.jpg,glass
1151.jpg,metal
1152.jpg,plastic
1153.jpg,paper
1154.jpg,plastic
1155.jpg,plastic
1156.jpg,paper
1157.jpg,cardboard
1158.jpg,glass
1159.jpg,metal
1160.jpg,cardboard
1161.jpg,glass
1162.jpg,cardboard
1163.jpg,plastic
1164.jpg,glass
1165.jpg,cardboard
1166.jpg,paper
1167.jpg,metal
1168.jpg,plastic
1169.jpg,paper
1170.jpg,cardboard
1171.jpg,paper
1172.jpg,metal
1173.jpg,glass
1174.jpg,cardboard
1175.jpg,plastic
1176.jpg,metal
1177.jpg,cardboard
1178.jpg,paper
1179.jpg,paper
1180.jpg,glass
1181.jpg,cardboard
1182.jpg,glass
1183.jpg,paper
1184.jpg,glass
1185.jpg,glass
1186.jpg,glass
1187.jpg,plastic
1188.jpg,plastic
1189.jpg,metal
1190.jpg,glass
1191.jpg,metal
1192.jpg,trash
1193.jpg,metal
1194.jpg,cardboard
1195.jpg,paper
1196.jpg,glass
1197.jpg,plastic
1198.jpg,glass
1199.jpg,plastic
1200.jpg,glass
1201.jpg,metal
1202.jpg,paper
1203.jpg,cardboard
1204.jpg,trash
1205.jpg,plastic
1206.jpg,glass
1207.jpg,glass
1208.jpg,plastic
1209.jpg,paper
1210.jpg,plastic
1211.jpg,trash
1212.jpg,paper
1213.jpg,cardboard
1214.jpg,cardboard
1215.jpg,cardboard
1216.jpg,plastic
1217.jpg,trash
1218.jpg,plastic
1219.jpg,metal
1220.jpg,glass
1221.jpg,cardboard
1222.jpg,paper
1223.jpg,glass
1224.jpg,plastic
1225.jpg,paper
1226.jpg,paper
1227.jpg,cardboard
1228.jpg,paper
1229.jpg,metal
1230.jpg,plastic
1231.jpg,cardboard
1232.jpg,glass
1233.jpg,glass
1234.jpg,metal
1235.jpg,glass
1236.jpg,paper
1237.jpg,paper
1238.jpg,glass
1239.jpg,glass
1240.jpg,glass
1241.jpg,cardboard
1242.jpg,paper
1243.jpg,paper
1244.jpg,plastic
1245.jpg,paper
1246.jpg,paper
1247.jpg,glass
1248.jpg,cardboard
1249.jpg,cardboard
1250.jpg,cardboard
1251.jpg,trash
1252.jpg,metal
1253.jpg,metal
1254.jpg,metal
1255.jpg,trash
1256.jpg,plastic
1257.jpg,glass
1258.jpg,paper
1259.jpg,paper
1260.jpg,metal
1261.jpg,metal
1262.jpg,metal
1263.jpg,metal
1264.jpg,plastic
1265.jpg,glass
1266.jpg,trash
1267.jpg,glass
1268.jpg,paper
1269.jpg,paper
1270.jpg,glass
1271.jpg,glass
1272.jpg,plastic
1273.jpg,cardboard
1274.jpg,glass
1275.jpg,cardboard
1276.jpg,plastic
1277.jpg,plastic
1278.jpg,cardboard
1279.jpg,glass
1280.jpg,glass
1281.jpg,paper
1282.jpg,plastic
1283.jpg,trash
1284.jpg,cardboard
1285.jpg,plastic
1286.jpg,plastic
1287.jpg,paper
1288.jpg,metal
1289.jpg,plastic
1290.jpg,trash
1291.jpg,glass
1292.jpg,trash
1293.jpg,paper
1294.jpg,paper
1295.jpg,plastic
1296.jpg,paper
1297.jpg,glass
1298.jpg,cardboard
1299.jpg,cardboard
1300.jpg,glass
1301.jpg,paper
1302.jpg,plastic
1303.jpg,plastic
1304.jpg,cardboard
1305.jpg,plastic
1306.jpg,plastic
1307.jpg,trash
1308.jpg,metal
1309.jpg,metal
1310.jpg,cardboard
1311.jpg,glass
1312.jpg,glass
1313.jpg,trash
1314.jpg,plastic
1315.jpg,paper
1316.jpg,plastic
1317.jpg,glass
1318.jpg,plastic
1319.jpg,plastic
1320.jpg,paper
1321.jpg,trash
1322.jpg,cardboard
1323.jpg,plastic
1324.jpg,cardboard
1325.jpg,cardboard
1326.jpg,paper
1327.jpg,glass
1328.jpg,paper
1329.jpg,glass
1330.jpg,glass
1331.jpg,metal
1332.jpg,glass
1333.jpg,paper
1334.jpg,paper
1335.jpg,paper
1336.jpg,metal
1337.jpg,metal
1338.jpg,cardboard
1339.jpg,cardboard
1340.jpg,cardboard
1341.jpg,glass
1342.jpg,metal
1343.jpg,metal
1344.jpg,cardboard
1345.jpg,metal
1346.jpg,glass
1347.jpg,paper
1348.jpg,cardboard
1349.jpg,paper
1350.jpg,cardboard
1351.jpg,plastic
1352.jpg,glass
1353.jpg,metal
1354.jpg,paper
1355.jpg,trash
1356.jpg,metal
1357.jpg,glass
1358.jpg,glass
1359.jpg,glass
1360.jpg,paper
1361.jpg,metal
1362.jpg,paper
1363.jpg,cardboard
1364.jpg,paper
1365.jpg,plastic
1366.jpg,metal
1367.jpg,plastic
1368.jpg,metal
1369.jpg,paper
1370.jpg,glass
1371.jpg,metal
1372.jpg,paper
1373.jpg,plastic
1374.jpg,paper
1375.jpg,glass
1376.jpg,paper
1377.jpg,paper
1378.jpg,metal
1379.jpg,plastic
1380.jpg,glass
1381.jpg,plastic
1382.jpg,plastic
1383.jpg,trash
1384.jpg,cardboard
1385.jpg,cardboard
1386.jpg,plastic
1387.jpg,metal
1388.jpg,paper
1389.jpg,paper
1390.jpg,cardboard
1391.jpg,cardboard
1392.jpg,glass
1393.jpg,glass
1394.jpg,glass
1395.jpg,paper
1396.jpg,glass
1397.jpg,plastic
1398.jpg,plastic
1399.jpg,cardboard
1400.jpg,paper
1401.jpg,cardboard
1402.jpg,glass
1403.jpg,metal
1404.jpg,metal
1405.jpg,paper
1406.jpg,glass
1407.jpg,glass
1408.jpg,glass
1409.jpg,glass
1410.jpg,plastic
1411.jpg,plastic
1412.jpg,paper
1413.jpg,cardboard
1414.jpg,glass
1415.jpg,metal
1416.jpg,cardboard
1417.jpg,paper
1418.jpg,plastic
1419.jpg,paper
1420.jpg,plastic
1421.jpg,paper
1422.jpg,paper
1423.jpg,paper
1424.jpg,paper
1425.jpg,cardboard
1426.jpg,plastic
1427.jpg,trash
1428.jpg,plastic
1429.jpg,cardboard
1430.jpg,paper
1431.jpg,plastic
1432.jpg,glass
1433.jpg,paper
1434.jpg,cardboard
1435.jpg,metal
1436.jpg,glass
1437.jpg,glass
1438.jpg,trash
1439.jpg,metal
1440.jpg,trash
1441.jpg,glass
1442.jpg,paper
1443.jpg,plastic
1444.jpg,glass
1445.jpg,metal
1446.jpg,plastic
1447.jpg,plastic
1448.jpg,paper
1449.jpg,plastic
1450.jpg,cardboard
1451.jpg,metal
1452.jpg,plastic
1453.jpg,glass
1454.jpg,paper
1455.jpg,paper
1456.jpg,paper
1457.jpg,glass
1458.jpg,plastic
1459.jpg,paper
1460.jpg,glass
1461.jpg,plastic
1462.jpg,glass
1463.jpg,glass
1464.jpg,plastic
1465.jpg,paper
1466.jpg,cardboard
1467.jpg,glass
1468.jpg,plastic
1469.jpg,paper
1470.jpg,glass
1471.jpg,metal
1472.jpg,glass
1473.jpg,metal
1474.jpg,trash
1475.jpg,glass
1476.jpg,glass
1477.jpg,metal
1478.jpg,plastic
1479.jpg,glass
1480.jpg,metal
1481.jpg,plastic
1482.jpg,paper
1483.jpg,glass
1484.jpg,cardboard
1485.jpg,plastic
1486.jpg,paper
1487.jpg,plastic
1488.jpg,plastic
1489.jpg,paper
1490.jpg,metal
1491.jpg,plastic
1492.jpg,plastic
1493.jpg,glass
1494.jpg,paper
1495.jpg,cardboard
1496.jpg,paper
1497.jpg,plastic
1498.jpg,metal
1499.jpg,metal
1500.jpg,trash
1501.jpg,metal
1502.jpg,plastic
1503.jpg,plastic
1504.jpg,metal
1505.jpg,paper
1506.jpg,metal
1507.jpg,paper
1508.jpg,paper
1509.jpg,metal
1510.jpg,cardboard
1511.jpg,cardboard
1512.jpg,paper
1513.jpg,trash
1514.jpg,glass
1515.jpg,paper
1516.jpg,trash
1517.jpg,paper
1518.jpg,cardboard
1519.jpg,glass
1520.jpg,paper
1521.jpg,paper
1522.jpg,cardboard
1523.jpg,paper
1524.jpg,paper
1525.jpg,trash
1526.jpg,cardboard
1527.jpg,paper
1528.jpg,trash
1529.jpg,paper
1530.jpg,glass
1531.jpg,paper
1532.jpg,glass
1533.jpg,paper
1534.jpg,glass
1535.jpg,paper
1536.jpg,cardboard
1537.jpg,plastic
1538.jpg,paper
1539.jpg,paper
1540.jpg,glass
1541.jpg,paper
1542.jpg,plastic
1543.jpg,plastic
1544.jpg,paper
1545.jpg,metal
1546.jpg,trash
1547.jpg,paper
1548.jpg,metal
1549.jpg,trash
1550.jpg,plastic
1551.jpg,paper
1552.jpg,plastic
1553.jpg,glass
1554.jpg,cardboard
1555.jpg,cardboard
1556.jpg,metal
1557.jpg,glass
1558.jpg,glass
1559.jpg,plastic
1560.jpg,metal
1561.jpg,plastic
1562.jpg,plastic
1563.jpg,cardboard
1564.jpg,glass
1565.jpg,cardboard
1566.jpg,glass
1567.jpg,paper
1568.jpg,paper
1569.jpg,paper
1570.jpg,glass
1571.jpg,trash
1572.jpg,glass
1573.jpg,metal
1574.jpg,metal
1575.jpg,plastic
1576.jpg,paper
1577.jpg,glass
1578.jpg,glass
1579.jpg,cardboard
1580.jpg,paper
1581.jpg,paper
1582.jpg,paper
1583.jpg,plastic
1584.jpg,paper
1585.jpg,plastic
1586.jpg,trash
1587.jpg,plastic
1588.jpg,metal
1589.jpg,plastic
1590.jpg,glass
1591.jpg,paper
1592.jpg,plastic
1593.jpg,metal
1594.jpg,plastic
1595.jpg,trash
1596.jpg,glass
1597.jpg,glass
1598.jpg,glass
1599.jpg,paper
1600.jpg,paper
1601.jpg,paper
1602.jpg,cardboard
1603.jpg,glass
1604.jpg,plastic
1605.jpg,cardboard
1606.jpg,metal
1607.jpg,glass
1608.jpg,plastic
1609.jpg,trash
1610.jpg,plastic
1611.jpg,paper
1612.jpg,paper
1613.jpg,glass
1614.jpg,glass
1615.jpg,plastic
1616.jpg,glass
1617.jpg,metal
1618.jpg,glass
1619.jpg,cardboard
1620.jpg,plastic
1621.jpg,paper
1622.jpg,metal
1623.jpg,paper
1624.jpg,paper
1625.jpg,paper
1626.jpg,plastic
1627.jpg,plastic
1628.jpg,trash
1629.jpg,paper
1630.jpg,metal
1631.jpg,glass
1632.jpg,metal
1633.jpg,glass
1634.jpg,plastic
1635.jpg,metal
1636.jpg,cardboard
1637.jpg,metal
1638.jpg,paper
1639.jpg,metal
1640.jpg,paper
1641.jpg,plastic
1642.jpg,plastic
1643.jpg,paper
1644.jpg,plastic
1645.jpg,metal
1646.jpg,plastic
1647.jpg,metal
1648.jpg,paper
1649.jpg,glass
1650.jpg,paper
1651.jpg,paper
1652.jpg,plastic
1653.jpg,trash
1654.jpg,plastic
1655.jpg,paper
1656.jpg,plastic
1657.jpg,plastic
1658.jpg,trash
1659.jpg,metal
1660.jpg,metal
1661.jpg,cardboard
1662.jpg,metal
1663.jpg,plastic
1664.jpg,glass
1665.jpg,paper
1666.jpg,cardboard
1667.jpg,trash
1668.jpg,glass
1669.jpg,paper
1670.jpg,plastic
1671.jpg,paper
1672.jpg,metal
1673.jpg,paper
1674.jpg,plastic
1675.jpg,cardboard
1676.jpg,metal
1677.jpg,cardboard
1678.jpg,glass
1679.jpg,plastic
1680.jpg,trash
1681.jpg,paper
1682.jpg,cardboard
1683.jpg,cardboard
1684.jpg,paper
1685.jpg,plastic
1686.jpg,metal
1687.jpg,metal
1688.jpg,cardboard
1689.jpg,glass
1690.jpg,paper
1691.jpg,metal
1692.jpg,cardboard
1693.jpg,paper
1694.jpg,paper
1695.jpg,glass
1696.jpg,glass
1697.jpg,metal
1698.jpg,trash
1699.jpg,plastic
1700.jpg,paper
1701.jpg,plastic
1702.jpg,cardboard
1703.jpg,paper
1704.jpg,plastic
1705.jpg,paper
1706.jpg,glass
1707.jpg,glass
1708.jpg,paper
1709.jpg,paper
1710.jpg,trash
1711.jpg,metal
1712.jpg,trash
1713.jpg,paper
1714.jpg,paper
1715.jpg,cardboard
1716.jpg,glass
1717.jpg,glass
1718.jpg,paper
1719.jpg,paper
1720.jpg,plastic
1721.jpg,glass
1722.jpg,glass
1723.jpg,paper
1724.jpg,metal
1725.jpg,metal
1726.jpg,metal
1727.jpg,metal
1728.jpg,glass
1729.jpg,glass
1730.jpg,paper
1731.jpg,plastic
1732.jpg,paper
1733.jpg,plastic
1734.jpg,paper
1735.jpg,glass
1736.jpg,metal
1737.jpg,plastic
1738.jpg,paper
1739.jpg,paper
1740.jpg,paper
1741.jpg,glass
1742.jpg,glass
1743.jpg,glass
1744.jpg,glass
1745.jpg,plastic
1746.jpg,cardboard
1747.jpg,paper
1748.jpg,paper
1749.jpg,paper
1750.jpg,metal
1751.jpg,paper
1752.jpg,metal
1753.jpg,paper
1754.jpg,paper
1755.jpg,paper
1756.jpg,cardboard
1757.jpg,paper
1758.jpg,plastic
1759.jpg,cardboard
1760.jpg,metal
1761.jpg,cardboard
1762.jpg,plastic
1763.jpg,paper
1764.jpg,metal
1765.jpg,cardboard
1766.jpg,paper
1767.jpg,glass
1768.jpg,plastic
1769.jpg,plastic
1770.jpg,metal
1771.jpg,paper
1772.jpg,glass
1773.jpg,plastic
1774.jpg,metal
1775.jpg,glass
1776.jpg,paper
1777.jpg,paper
1778.jpg,paper
1779.jpg,paper
1780.jpg,paper
1781.jpg,metal
1782.jpg,cardboard
1783.jpg,paper
1784.jpg,glass
1785.jpg,paper
1786.jpg,glass
1787.jpg,paper
1788.jpg,cardboard
1789.jpg,metal
1790.jpg,plastic
1791.jpg,paper
1792.jpg,paper
1793.jpg,trash
1794.jpg,glass
1795.jpg,metal
1796.jpg,cardboard
1797.jpg,paper
1798.jpg,glass
1799.jpg,cardboard
1800.jpg,glass
1801.jpg,metal
1802.jpg,trash
1803.jpg,glass
1804.jpg,paper
1805.jpg,cardboard
1806.jpg,glass
1807.jpg,cardboard
1808.jpg,plastic
1809.jpg,paper
1810.jpg,plastic
1811.jpg,paper
1812.jpg,plastic
1813.jpg,metal
1814.jpg,paper
1815.jpg,paper
1816.jpg,plastic
1817.jpg,plastic
1818.jpg,glass
1819.jpg,metal
1820.jpg,cardboard
1821.jpg,glass
1822.jpg,glass
1823.jpg,paper
1824.jpg,plastic
1825.jpg,plastic
1826.jpg,glass
1827.jpg,plastic
1828.jpg,glass
1829.jpg,cardboard
1830.jpg,cardboard
1831.jpg,cardboard
1832.jpg,plastic
1833.jpg,plastic
1834.jpg,glass
1835.jpg,paper
1836.jpg,metal
1837.jpg,metal
1838.jpg,metal
1839.jpg,plastic
1840.jpg,metal
1841.jpg,plastic
1842.jpg,plastic
1843.jpg,plastic
1844.jpg,metal
1845.jpg,metal
1846.jpg,trash
1847.jpg,cardboard
1848.jpg,paper
1849.jpg,metal
1850.jpg,paper
1851.jpg,cardboard
1852.jpg,metal
1853.jpg,plastic
1854.jpg,plastic
1855.jpg,glass
1856.jpg,glass
1857.jpg,paper
1858.jpg,cardboard
1859.jpg,plastic
1860.jpg,plastic
1861.jpg,paper
1862.jpg,cardboard
1863.jpg,metal
1864.jpg,glass
1865.jpg,plastic
1866.jpg,glass
1867.jpg,paper
1868.jpg,plastic
1869.jpg,glass
1870.jpg,metal
1871.jpg,plastic
1872.jpg,trash
1873.jpg,metal
1874.jpg,paper
1875.jpg,glass
1876.jpg,paper
1877.jpg,paper
1878.jpg,trash
1879.jpg,trash
1880.jpg,paper
1881.jpg,glass
1882.jpg,cardboard
1883.jpg,plastic
1884.jpg,paper
1885.jpg,cardboard
1886.jpg,plastic
1887.jpg,metal
1888.jpg,paper
1889.jpg,paper
1890.jpg,metal
1891.jpg,cardboard
1892.jpg,paper
1893.jpg,glass
1894.jpg,paper
1895.jpg,trash
1896.jpg,paper
1897.jpg,glass
1898.jpg,paper
1899.jpg,paper
1900.jpg,paper
1901.jpg,paper
1902.jpg,metal
1903.jpg,paper
1904.jpg,cardboard
1905.jpg,paper
1906.jpg,cardboard
1907.jpg,metal
1908.jpg,glass
1909.jpg,plastic
1910.jpg,cardboard
1911.jpg,glass
1912.jpg,paper
1913.jpg,metal
1914.jpg,paper
1915.jpg,plastic
1916.jpg,cardboard
1917.jpg,glass
1918.jpg,metal
1919.jpg,paper
1920.jpg,cardboard
1921.jpg,plastic
1922.jpg,glass
1923.jpg,glass
1924.jpg,glass
1925.jpg,glass
1926.jpg,plastic
1927.jpg,glass
1928.jpg,paper
1929.jpg,paper
1930.jpg,paper
1931.jpg,metal
1932.jpg,glass
1933.jpg,cardboard
1934.jpg,metal
1935.jpg,glass
1936.jpg,metal
1937.jpg,plastic
1938.jpg,plastic
1939.jpg,plastic
1940.jpg,paper
1941.jpg,plastic
1942.jpg,plastic
1943.jpg,cardboard
1944.jpg,glass
1945.jpg,plastic
1946.jpg,plastic
1947.jpg,cardboard
1948.jpg,paper
1949.jpg,glass
1950.jpg,cardboard
1951.jpg,metal
1952.jpg,cardboard
1953.jpg,metal
1954.jpg,glass
1955.jpg,cardboard
1956.jpg,paper
1957.jpg,metal
1958.jpg,glass
1959.jpg,metal
1960.jpg,paper
1961.jpg,paper
1962.jpg,paper
1963.jpg,glass
1964.jpg,paper
1965.jpg,metal
1966.jpg,glass
1967.jpg,metal
1968.jpg,paper
1969.jpg,glass
1970.jpg,metal
1971.jpg,glass
1972.jpg,cardboard
1973.jpg,cardboard
1974.jpg,paper
1975.jpg,cardboard
1976.jpg,paper
1977.jpg,cardboard
1978.jpg,metal
1979.jpg,plastic
1980.jpg,paper
1981.jpg,metal
1982.jpg,cardboard
1983.jpg,plastic
1984.jpg,cardboard
1985.jpg,glass
1986.jpg,plastic
1987.jpg,cardboard
1988.jpg,metal
1989.jpg,paper
1990.jpg,glass
1991.jpg,plastic
1992.jpg,paper
1993.jpg,plastic
1994.jpg,paper
1995.jpg,paper
1996.jpg,metal
1997.jpg,cardboard
1998.jpg,trash
1999.jpg,metal
2000.jpg,metal
2001.jpg,cardboard
2002.jpg,cardboard
2003.jpg,glass
2004.jpg,glass
2005.jpg,plastic
2006.jpg,glass
2007.jpg,trash
2008.jpg,paper
2009.jpg,trash
2010.jpg,cardboard
2011.jpg,paper
2012.jpg,plastic
2013.jpg,paper
2014.jpg,glass
2015.jpg,paper
2016.jpg,cardboard
2017.jpg,cardboard
2018.jpg,glass
2019.jpg,plastic
2020.jpg,paper
